1	malignant hyperthermia
2	malignant hyperthermia
2	MHS
4	MHS
7	MHS
14	caffeine
15	caffeine
27	Malignant hyperthermia
27	MH
29	MH
32	MH
33	MH
37	malignant hyperthermia
52	caffeine
62	caffeine
73	malignant hyperthermia
113	Malignant hyperthermia
114	Malignant hyperthermia
114	MH
115	MH
115	MH
116	MH
131	malignant hyperthermia
132	Malignant hyperthermia
132	MH
133	MH
134	MH
134	MHS
135	MH
136	MHS
136	MH
137	MHS
138	MHS
139	MHS
139	MHS
140	MHS
140	MHS
140	MH
140	caffeine
141	MHS
142	MHS
200	malignant hyperthermia
200	MH
201	MH
239	malignant hyperthermia
264	Malignant hyperthermia
264	MH
265	MH
267	MH
268	MH
269	MH
270	MH
271	malignant hyperthermia
298	malignant hyperthermia
299	Malignant hyperthermia
301	Malignant hyperthermia
301	malignant hyperthermia
301	caffeine
302	malignant hyperthermia
302	malignant hyperthermia
303	MH
304	caffeine
320	Malignant hyperthermia
320	MH
322	MH
323	MH
323	MH
323	caffeine
324	MH
328	MH
329	MH
330	MH
331	MH
332	malignant hyperthermia
363	malignant hyperthermia
409	malignant hyperthermia
421	MH
444	Malignant hyperthermia
444	MH
445	MH
445	MH
447	MH
450	MH
451	MH
452	malignant hyperthermia
473	malignant hyperthermia
473	MH
474	MH
475	MH
476	MH
477	MHS
477	caffeine
479	MH
482	MH
483	MHS
484	MH
484	MHS
485	MH
485	MH
486	malignant hyperthermia
487	Malignant hyperthermia
488	Malignant hyperthermia
488	MH
489	MH
491	MH
493	MH
529	Malignant hyperthermia
529	MH
530	MH
531	MH
532	MH
533	MH
534	malignant hyperthermia
550	Malignant Hyperthermia
550	MH
551	MH
552	MH
552	MHS
552	MH
552	MHE
553	MHS
553	MHE
554	MHS
554	MH
554	MHN
556	MH
557	malignant hyperthermia
565	Malignant hyperthermia
565	MHS
566	MHS
566	MHS
567	MHS
568	MHS
568	caffeine
569	MHS
571	MHS
571	MHS
574	caffeine
575	MHS
575	MHS
576	MHS
576	MHS
577	MHS
577	MHS
578	malignant hyperthermia
578	malignant hyperthermia
625	Malignant hyperthermia
625	MH
627	MH
633	MH
634	MH
636	malignant hyperthermia
640	malignant hyperthermia
689	malignant hyperthermia
690	malignant hyperthermia
690	MH
690	MH
692	MH
693	caffeine
694	caffeine
695	MH
696	MH
696	MH
696	caffeine
715	malignant hyperthermia
716	malignant hyperthermia
716	MH
717	MH
719	malignant hyperthermia
719	MH
720	malignant hyperthermia
753	Malignant hyperthermia
753	MH
754	MH
755	MH
756	caffeine
757	MH
758	caffeine
759	MH
767	malignant hyperthermia
767	MH
776	MH
805	malignant hyperthermia
805	MH
806	MH
806	MHS
807	MHS
807	MH
808	MH
811	MHS
812	MHS
813	MH
815	MHS
816	MHS
816	MHS
817	MHS
819	MHS
820	malignant hyperthermia
915	malignant hyperthermia
915	MH
916	MH
918	MH
918	MH
919	MH
920	MH
920	MH
920	MH
921	MH
922	malignant hyperthermia
939	caffeine
950	caffeine
961	MH
966	Malignant hyperthermia
966	MH
967	MH
967	MH
969	MH
970	MH
971	MH
978	Malignant hyperthermia
1100	caffeine
1111	malignant hyperthermia
1112	Malignant hyperthermia
1112	MHS
1113	MHS
1113	MHS
1114	MHS
1116	MHS
1117	MHS
1119	MHS
1119	MHS
1120	MHS
1121	MHS
1122	MHS
1123	MHS
1123	MHS
1148	malignant hyperthermia
1158	malignant hyperthermia
1160	malignant hyperthermia
1161	malignant hyperthermia
1161	MH
1162	MH
1163	MH
1174	caffeine
1175	caffeine
1175	caffeine
1185	caffeine
1185	caffeine
1225	caffeine
1230	malignant hyperthermia
1230	MH
1233	MH
1260	malignant hyperthermia
1261	Malignant hyperthermia
1261	MH
1262	MH
1263	MH
1264	malignant hyperthermia
1265	MH
1284	caffeine
1393	malignant hyperthermia
1394	Malignant hyperthermia
1394	MH
1395	MH
1396	MH
1397	MH
1399	MH
1399	MH
1400	MH
1400	MHS
1401	MHS
1403	MHS
1405	MH
1448	Malignant hyperthermia
1448	MH
1454	caffeine
1456	caffeine
1457	caffeine
1458	MH
1497	malignant hyperthermia
1498	malignant hyperthermia
1505	malignant hyperthermia
1534	Malignant hyperthermia
1534	MH
1537	MH
1537	MH
1542	MH
1544	malignant hyperthermia
1544	MHN
1546	MH
1548	malignant hyperthermia
1583	malignant hyperthermia
1637	caffeine
1649	caffeine
1668	malignant hyperthermia
1668	MHS
1670	malignant hyperthermia
1670	MH
1673	MH
1689	malignant hyperthermia
1689	MH
1696	MH
1749	malignant hyperthermia
1798	malignant hyperthermia
1798	MH
1799	MH
1799	MHS
1800	MHS
1802	MH
1804	MH
1807	caffeine
1807	MH
1808	MHS
1808	MH
1809	MH
1809	MHS
1810	malignant hyperthermia
1811	malignant hyperthermia
1812	malignant hyperthermia
1812	MH
1815	MH
1818	MH
1821	MH
1822	MH
1954	malignant hyperthermia
1955	malignant hyperthermia
1955	MH
1956	MH
1958	MH
1958	MH
1959	caffeine
1962	MH
1962	MH
1963	MH
1968	Malignant hyperthermia
1968	MH
1969	MH
1970	MH
1971	MH
1973	MH
1976	caffeine
1980	caffeine
1981	caffeine
1982	MH
1983	MH
1984	malignant hyperthermia
1993	caffeine
1998	malignant hyperthermia
1998	MH
1999	MH
2000	MH
2004	MH
2005	MH
2006	malignant hyperthermia
2045	malignant hyperthermia
2046	malignant hyperthermia
2046	MH
2049	MH
2049	MH
2050	caffeine
2093	Malignant Hyperthermia
2094	malignant hyperthermia
2094	MH
2095	MH
2098	MH
2099	MH
2100	MH
2266	caffeine
2274	Malignant hyperthermia
2274	MH
2275	MH
2275	MH
2276	MH
2277	MH
2278	MH
2279	MH
2280	malignant hyperthermia
2281	malignant hyperthermia
2282	malignant hyperthermia
2282	MH
2283	MH
2284	MH
2284	MH
2284	MHS
2284	MHS
2285	MHS
2287	MHS
2287	MHS
2288	malignant hyperthermia
2289	Malignant hyperthermia
2289	MH
2290	malignant hyperthermia
2290	MHS
2291	MHS
2292	MHS
2293	MH
2293	MHS
2294	malignant hyperthermia
2294	MH
2296	MH
2299	MH
2300	MH
2300	MH
2300	caffeine
2302	MH
2303	malignant hyperthermia
2312	malignant hyperthermia
2313	Malignant hyperthermia
2313	MH
2314	malignant hyperthermia
2314	MHS
2315	MHS
2315	MHS
2316	MHS
2330	malignant hyperthermia
2330	MH
2331	MH
2334	malignant hyperthermia
2334	MH
2335	MH
2337	MH
2339	malignant hyperthermia
2372	malignant hyperthermia
2418	Malignant hyperthermia
2418	MH
2419	malignant hyperthermia
2419	MHS
2419	MHS
2421	caffeine
2423	MH
2425	MHS
2425	MHS
2426	MH
2428	caffeine
2431	malignant hyperthermia
2431	MH
2432	MH
2432	MHS
2432	caffeine
2433	MH
2434	MHS
2437	malignant hyperthermia
2449	caffeine
2452	malignant hyperthermia
2453	Malignant hyperthermia
2453	MH
2454	malignant hyperthermia
2454	MHS
2455	MHS
2456	MHS
2457	MHS
2458	MH
2458	MH
2484	malignant hyperthermia
2492	malignant hyperthermia
2493	Malignant hyperthermia
2493	MH
2494	MH
2494	MH
2496	MH
2497	caffeine
2498	MH
2498	caffeine
2499	caffeine
2499	MH
2551	caffeine
