"org_id","org_acc","org_source","ref_id","ref_acc","ref_source"
"15377","CHEBI:15377","chebi","ALDA_STAEQ","Q5HLA3","uniprot"
"15377","CHEBI:15377","chebi","DADA_BURO1","Q1BY09","uniprot"
"15377","CHEBI:15377","chebi","DADA_BURP1","Q3JQ00","uniprot"
"15377","CHEBI:15377","chebi","TRPC_BRASB","A5EK25","uniprot"
"15377","CHEBI:15377","chebi","TRPC_PROMT","Q46JH4","uniprot"
"15377","CHEBI:15377","chebi","TRPC_PSEAB","Q02TB5","uniprot"
"15377","CHEBI:15377","chebi","PPBI_BOVIN","P19111","uniprot"
"15377","CHEBI:15377","chebi","PPME1_ARATH","Q84WM7","uniprot"
"15377","CHEBI:15377","chebi","PPME1_ASPFU","Q4WKB2","uniprot"
"15377","CHEBI:15377","chebi","PPME1_ASPOR","Q2URJ0","uniprot"
"15377","CHEBI:15377","chebi","ATPB1_LISMF","Q724W4","uniprot"
"15377","CHEBI:15377","chebi","GATA_MYCUA","A0PPX4","uniprot"
"15377","CHEBI:15377","chebi","APHA_HAEIN","P44009","uniprot"
"15377","CHEBI:15377","chebi","DDX1_DROVI","Q24731","uniprot"
"15377","CHEBI:15377","chebi","GGT5_HUMAN","P36269","uniprot"
"15377","CHEBI:15377","chebi","NAGA_BOVIN","A7MBC0","uniprot"
"15377","CHEBI:15377","chebi","NAGA_CAEEL","P34480","uniprot"
"15377","CHEBI:15377","chebi","NAGA_DANRE","Q6P0U0","uniprot"
"15377","CHEBI:15377","chebi","NAGA_DROME","Q9VR81","uniprot"
"15377","CHEBI:15377","chebi","NAGA_ECO57","P0AF19","uniprot"
"15377","CHEBI:15377","chebi","SAHH_GLOVI","Q7NGI6","uniprot"
"15377","CHEBI:15377","chebi","ILVD_XANCP","Q8PDJ3","uniprot"
"15377","CHEBI:15377","chebi","NDVA_BRUA2","Q2YQ73","uniprot"
"15377","CHEBI:15377","chebi","ISPH_YERP3","A7FMD4","uniprot"
"15377","CHEBI:15377","chebi","ISPG_CLOAB","Q97I56","uniprot"
"15377","CHEBI:15377","chebi","ISPG_CORGL","Q8NP12","uniprot"
"15377","CHEBI:15377","chebi","ISPG_CORJK","Q4JV28","uniprot"
"15377","CHEBI:15377","chebi","KYNU_XANC8","Q4UT93","uniprot"
"15377","CHEBI:15377","chebi","CHEB_NOSP7","B2J4Q8","uniprot"
"15377","CHEBI:15377","chebi","RBSA1_BURCM","Q0BFU0","uniprot"
"15377","CHEBI:15377","chebi","LEPA_SALTI","P0A1W5","uniprot"
"15377","CHEBI:15377","chebi","LEU1_PYRFU","Q8U2A2","uniprot"
"15377","CHEBI:15377","chebi","GATA_BACAC","C3L559","uniprot"
"15377","CHEBI:15377","chebi","GCH1_LISMH","B8DBZ3","uniprot"
"15377","CHEBI:15377","chebi","CNPD3_MYCTU","P9WP65","uniprot"
"15377","CHEBI:15377","chebi","LAC18_ORYSJ","Q53LU4","uniprot"
"15377","CHEBI:15377","chebi","SSUD_RALPJ","B2UAU3","uniprot"
"15377","CHEBI:15377","chebi","SSUD_RHOPA","Q6N6K3","uniprot"
"15377","CHEBI:15377","chebi","SSUD_SERP5","A8GCK1","uniprot"
"15377","CHEBI:15377","chebi","ECH2_ARATH","Q8VYI3","uniprot"
"15377","CHEBI:15377","chebi","COMB_PROMT","Q46LT5","uniprot"
"15377","CHEBI:15377","chebi","LEPA_SHEWM","B1KI55","uniprot"
"15377","CHEBI:15377","chebi","COOS2_METMA","Q8PUN1","uniprot"
"15377","CHEBI:15377","chebi","GLO2_AERS4","A4SPI6","uniprot"
"15377","CHEBI:15377","chebi","COX1_MAMPR","Q38PS0","uniprot"
"15377","CHEBI:15377","chebi","CP2BJ_MOUSE","O55071","uniprot"
"15377","CHEBI:15377","chebi","PGPB_ECO57","P0A925","uniprot"
"15377","CHEBI:15377","chebi","PGPB_ECOLI","P0A924","uniprot"
"15377","CHEBI:15377","chebi","ENO_SHEHH","B0TK04","uniprot"
"15377","CHEBI:15377","chebi","MCM7_ARATH","P43299","uniprot"
"15377","CHEBI:15377","chebi","GSTO1_PIG","Q9N1F5","uniprot"
"15377","CHEBI:15377","chebi","EST6_DROSI","Q08662","uniprot"
"15377","CHEBI:15377","chebi","ETP_ECOLI","P0ACZ2","uniprot"
"15377","CHEBI:15377","chebi","ROCA_STAAN","P99076","uniprot"
"15377","CHEBI:15377","chebi","ADEC1_RHIEC","Q2K5M6","uniprot"
"15377","CHEBI:15377","chebi","5DNU_SALSV","B4TQ66","uniprot"
"15377","CHEBI:15377","chebi","5DNU_SALTI","Q8Z524","uniprot"
"15377","CHEBI:15377","chebi","METK_STRM5","B4SK03","uniprot"
"15377","CHEBI:15377","chebi","TAUB_PELUB","Q4FMG5","uniprot"
"15377","CHEBI:15377","chebi","AMO_LENCU","P49252","uniprot"
"15377","CHEBI:15377","chebi","HIS2_LEIXX","Q6AF75","uniprot"
"15377","CHEBI:15377","chebi","METK_MYCMS","Q6MTB6","uniprot"
"15377","CHEBI:15377","chebi","METK_MYCTA","A5U294","uniprot"
"15377","CHEBI:15377","chebi","HIS2_VEREI","A1WFS9","uniprot"
"15377","CHEBI:15377","chebi","HIS3_MYCSK","A1UHK1","uniprot"
"15377","CHEBI:15377","chebi","MGL_ARATH","Q9SGU9","uniprot"
"15377","CHEBI:15377","chebi","HIS5_XANC8","Q4UU43","uniprot"
"15377","CHEBI:15377","chebi","HIS5_XANE5","Q3BUF4","uniprot"
"15377","CHEBI:15377","chebi","ADDA_STAAS","Q6GAV9","uniprot"
"15377","CHEBI:15377","chebi","GMHBA_MYCTO","P9WMV2","uniprot"
"15377","CHEBI:15377","chebi","INP4A_MOUSE","Q9EPW0","uniprot"
"15377","CHEBI:15377","chebi","RISB1_PSESM","Q889Q6","uniprot"
"15377","CHEBI:15377","chebi","ISPH1_MYCTU","P9WKF9","uniprot"
"15377","CHEBI:15377","chebi","ISPH_XYLFM","B0U3Q7","uniprot"
"15377","CHEBI:15377","chebi","NRFA_ECOLC","B1IUI1","uniprot"
"15377","CHEBI:15377","chebi","RISB_WOLPM","P61729","uniprot"
"15377","CHEBI:15377","chebi","NUDC_YERPP","A4TS22","uniprot"
"15377","CHEBI:15377","chebi","PANB_DESHY","Q250S5","uniprot"
"15377","CHEBI:15377","chebi","PANB_DESPS","Q6AJ44","uniprot"
"15377","CHEBI:15377","chebi","PANB_ECO24","A7ZHM4","uniprot"
"15377","CHEBI:15377","chebi","GAPN_WHEAT","Q8LK61","uniprot"
"15377","CHEBI:15377","chebi","CP17A_SHEEP","Q29497","uniprot"
"15377","CHEBI:15377","chebi","GATA_STRA3","Q8E3P4","uniprot"
"15377","CHEBI:15377","chebi","HCAR_ARATH","Q8GS60","uniprot"
"15377","CHEBI:15377","chebi","TBA6_NAEPR","Q962P8","uniprot"
"15377","CHEBI:15377","chebi","TRPA_MYCPA","Q740P2","uniprot"
"15377","CHEBI:15377","chebi","TRPA_MYCTA","A5U2W9","uniprot"
"15377","CHEBI:15377","chebi","DDX54_DICDI","Q54CD8","uniprot"
"15377","CHEBI:15377","chebi","HIS3_SYNC1","Q3A2Z2","uniprot"
"15377","CHEBI:15377","chebi","TRPA_THET8","Q5SJC0","uniprot"
"15377","CHEBI:15377","chebi","TRPA_TOLAT","C4LC88","uniprot"
"15377","CHEBI:15377","chebi","HIS3_TRIL1","B3E6L7","uniprot"
"15377","CHEBI:15377","chebi","DDX55_BOVIN","Q2NL08","uniprot"
"15377","CHEBI:15377","chebi","HIS3_ZYMMO","Q9X3W1","uniprot"
"15377","CHEBI:15377","chebi","ARGI1_ORYSI","B8AU84","uniprot"
"15377","CHEBI:15377","chebi","ARGI1_PIG","Q95JC8","uniprot"
"15377","CHEBI:15377","chebi","ARGI2_BOVIN","Q58DL1","uniprot"
"15377","CHEBI:15377","chebi","ACYP_MYCVP","A1T739","uniprot"
"15377","CHEBI:15377","chebi","PHS_BORPA","Q7W4J0","uniprot"
"15377","CHEBI:15377","chebi","MTOX_ECOHS","A7ZZ17","uniprot"
